Sequence A,Sequence B,Accession A,Accession B,Position in protein A,Position in protein B,Score crosslink,Within same group
MAEITASLVKELR,SMKQAIYDPENR,P0A6P1,P21499,0,0,82.98,TRUE
ITDVEVLKAQFEEER,MTDKLTSLR,P0A6P1,P0A870,0,0,75.89,TRUE
MTDKLTSLR,MTDKLTSLR,P0A870,P0A870,0,0,63.94,TRUE
EIAEKMVEGR,ILKCGFR,P0A6P1,P0AG44,0,0,62.93,TRUE
ITDVEVLKAQFEEER,SMKQAIYDPENR,P0A6P1,P21499,0,0,60.98,TRUE
MAALMKQR,VKDLPGVR,P27302,P0A7S3,0,0,60.97,TRUE
AKLYYLR,VGFGYGKAR,P0A7K6,P0A7W1,0,0,60.97,TRUE
IGVPFVDGGVIKAEVVAHGR,KLQLVGVGYR,P0AG48,P0AG55,0,0,60.94,TRUE
SHALNATKR,SHALNATKR,P0A7M2,P0A7M2,0,0,60.9,TRUE
AKLYYLR,SHALNATKR,P0A7K6,P0A7M2,0,0,59.98,TRUE
MAALMKQR,MAALMKQR,P27302,P27302,0,0,59.95,TRUE
ATIDGLENMNSPEMVAAKR,VAVIKAVR,P0A7W1,P0A7K2,0,0,59.94,TRUE
KLMTEFNYNSVMQVPR,MTDKLTSLR,P62399,P0A870,0,0,59.94,TRUE
AKLYYLR,EIAEKMVEGR,P0A7K6,P0A6P1,0,0,59.93,TRUE
ATIDGLENMNSPEMVAAKR,MTDKLTSLR,P0A7W1,P0A870,0,0,59.93,TRUE
FWVESEKR,VVSMPSTDAFDKQDAAYR,P0A7M2,P27302,0,0,59.93,TRUE
MQKQAELYR,VGFGYGKAR,P0A7D7,P0A7W1,0,0,59.88,TRUE
KQQGHR,TDKFIVR,P0AG48,P60422,0,0,58.02,TRUE
HKATLLGLGLR,KAGFVTR,P0AG51,P0A7X3,0,0,57.47,TRUE
ITDVEVLKAQFEEER,MAALMKQR,P0A6P1,P27302,0,0,56.85,TRUE
ILKCGFR,SVAGFKIR,P0AG44,P62399,0,0,40.98,TRUE
MTDKLTSLR,VSAKGMR,P0A870,P0A7M2,0,0,40.97,TRUE
EKLQER,EKLQER,P0A6F5,P0A6F5,0,0,40.95,TRUE
ILKCGFR,MAALMKQR,P0AG44,P27302,0,0,40.95,TRUE
AMEKAR,AMEKAR,P0A7W1,P0A7W1,0,0,39.98,TRUE
LQANPAKIASR,TSGEKHLR,P27302,P0A7N4,0,0,39.98,TRUE
EIAEKMVEGR,MAALMKQR,P0A6P1,P27302,0,0,39.98,TRUE
DAAAAVGKAVAER,KLQLVGVGYR,P0C018,P0AG55,0,0,39.98,TRUE
IGSTIKTDR,VSAKGMR,P0A7N1,P0A7M2,0,0,39.98,TRUE
ESVLPKAVTAR,MQKQAELYR,P27302,P0A7D7,0,0,39.98,TRUE
EIAEKMVEGR,FAAYAKAYPQEAAEFTR,P0A6P1,P27302,0,0,39.98,TRUE
QGYPIGCKVTLR,QGYPIGCKVTLR,P62399,P62399,0,0,39.98,TRUE
AMEKAR,KSSAAR,P0A7W1,P0A7X3,0,0,39.97,TRUE
EIAEKMVEGR,QGYPIGCKVTLR,P0A6P1,P62399,0,0,39.97,TRUE
DVKFGNDAR,GLSAKSFDGR,P0A6F5,P62399,0,0,39.97,TRUE
EIAEKMVEGR,EIAEKMVEGR,P0A6P1,P0A6P1,0,0,39.96,TRUE
LQANPAKIASR,MYAVFQSGGKQHR,P27302,P0AG48,0,0,39.96,TRUE
GLSAKSFDGR,MYAVFQSGGKQHR,P62399,P0AG48,0,0,39.96,TRUE
EAEKYANPIPSR,TSGEKHLR,P21499,P0A7N4,0,0,39.96,TRUE
DIDGHDAASIKR,FAAYAKAYPQEAAEFTR,P27302,P27302,0,0,39.96,TRUE
DAAAAVGKAVAER,ILKCGFR,P0C018,P0AG44,0,0,39.96,TRUE
DVKFGNDAR,EKLQER,P0A6F5,P0A6F5,0,0,39.95,TRUE
AMEKAR,MAEITASLVKELR,P0A7W1,P0A6P1,0,0,39.95,TRUE
FWVESEKR,KAGFVTR,P0A7M2,P0A7X3,0,0,39.95,TRUE
MTDKLTSLR,SHALNATKR,P0A870,P0A7M2,0,0,39.95,TRUE
ATIDGLENMNSPEMVAAKR,KLQLVGVGYR,P0A7W1,P0AG55,0,0,39.94,TRUE
ATIDGLENMNSPEMVAAKR,MQKQAELYR,P0A7W1,P0A7D7,0,0,39.92,TRUE
TIKITQTR,VGFGYGKAR,P0AG51,P0A7W1,0,0,39.9,TRUE
ASFDKANR,DVKFGNDAR,P0A715,P0A6F5,0,0,39.82,TRUE
ASFDKANR,VSAKGMR,P0A715,P0A7M2,0,0,29.85,TRUE
AKLYYLR,KISNGEGVER,P0A7K6,P0A7K6,0,0,29.83,TRUE
VSAKGMR,VSAKGMR,P0A7M2,P0A7M2,0,0,29.71,TRUE
EIAEKMVEGR,ITDVEVLKAQFEEER,P0A6P1,P0A6P1,0,0,20.88,TRUE
GLSAKSFDGR,QGYPIGCKVTLR,P62399,P62399,0,0,19.89,TRUE
DAAAAVGKAVAER,KSSAAR,P0C018,P0A7X3,0,0,19.89,TRUE
GLSAKSFDGR,MAALMKQR,P62399,P27302,0,0,19.89,TRUE
EIAEKMVEGR,EKLQER,P0A6P1,P0A6F5,0,0,19.88,TRUE
GLSAKSFDGR,KQQGHR,P62399,P0AG48,0,0,19.87,TRUE
KAGFVTR,KISNGEGVER,P0A7X3,P0A7K6,0,0,19.87,TRUE
MAEITASLVKELR,TDKFIVR,P0A6P1,P60422,0,0,19.86,TRUE
KISNGEGVER,VGFGYGKAR,P0A7K6,P0A7W1,0,0,19.86,TRUE
LQANPAKIASR,VVEPLITLAKTDSVANR,P27302,P0AG44,0,0,19.85,TRUE
ASFDKANR,ELKPHDR,P0A715,P0A9Q1,0,0,19.81,TRUE
TSGEKHLR,TSGEKHLR,P0A7N4,P0A7N4,0,0,19.81,TRUE
FAAYAKAYPQEAAEFTR,QGYPIGCKVTLR,P27302,P62399,0,0,19.78,TRUE
KQQGHR,VAVIKAVR,P0AG48,P0A7K2,0,0,19.72,TRUE
HIGGGHKQAYR,TDKFIVR,P60422,P60422,0,0,19.71,TRUE
MTDKLTSLR,SMKQAIYDPENR,P0A870,P21499,0,0,19.71,TRUE
IGSTIKTDR,TIKITQTR,P0A7N1,P0AG51,0,0,19.66,TRUE
MAALMKQR,QAGELQEKLIAVNR,P27302,P0A7W1,0,0,19.64,TRUE
KSSAAR,SHALNATKR,P0A7X3,P0A7M2,0,0,39.95,FALSE
TVGQLLKEHNAEVTGFIR,VISVQEMHAQIK,P0A6P1,P00968,0,0,29.43,FALSE
FCSVEMGSFYLDIIKDR,SMKQAIYDPENR,P00956,P21499,0,0,19.74,FALSE
