Protein1,PepPos1,PepSeq1,LinkPos1,Protein2,PepPos2,PepSeq2,LinkPos2,Score,Id
YP_009725304.1,76,SEDKR,4,YP_009725304.1,62,MADQAMTQMYKQAR,11,134.49,1
YP_009725304.1,191,ANSAVKLQ,6,YP_009725304.1,58,KLEKMADQAMTQMYK,1,62.33,2
YP_009725304.1,97,KLDNDALNNIINNAR,1,YP_009725304.1,62,MADQAMTQMYKQAR,11,194.83,3
YP_009725304.1,40,KSLNVAK,1,YP_009725304.1,97,KLDNDALNNIINNAR,1,74.54,4
YP_009725304.1,97,KLDNDALNNIINNAR,1,YP_009725304.1,41,SLNVAKSEFDRDAAMQR,6,63.14,5
YP_009725304.1,97,KLDNDALNNIINNAR,1,YP_009725304.1,97,KLDNDALNNIINNAR,1,679.68,6
YP_009725304.1,97,KLDNDALNNIINNAR,1,YP_009725304.1,81,AKVTSAMQTMLFTMLR,2,392.9,7
YP_009725304.1,62,MADQAMTQMYKQAR,11,YP_009725304.1,81,AKVTSAMQTMLFTMLR,2,189.42,8
YP_009725304.1,76,SEDKR,4,YP_009725304.1,112,DGCVPLNIIPLTTAAKLMVVIPDYNTYK,16,120.12,9
YP_009725304.1,97,KLDNDALNNIINNAR,1,YP_009725304.1,112,DGCVPLNIIPLTTAAKLMVVIPDYNTYK,16,229.43,10
YP_009725304.1,76,SEDKR,4,YP_009725304.1,62,MADQAMTQMYKQAR,11,149.56,11
YP_009725304.1,76,SEDKR,4,YP_009725304.1,40,KSLNVAK,1,52.78,12
YP_009725304.1,76,SEDKR,4,YP_009725304.1,58,KLEKMADQAMTQMYK,1,29.88,13
YP_009725304.1,191,ANSAVKLQ,6,YP_009725304.1,58,KLEKMADQAMTQMYK,4,24.26,14
YP_009725304.1,76,SEDKR,4,YP_009725304.1,41,SLNVAKSEFDRDAAMQR,6,38.24,15
YP_009725304.1,191,ANSAVKLQ,6,YP_009725304.1,41,SLNVAKSEFDRDAAMQR,6,72.56,16
YP_009725304.1,62,MADQAMTQMYKQAR,11,YP_009725304.1,81,AKVTSAMQTMLFTMLR,2,166.29,17
YP_009725304.1,97,KLDNDALNNIINNAR,1,YP_009725304.1,58,KLEKMADQAMTQMYK,4,49.07,18
YP_009725304.1,76,SEDKR,4,YP_009725304.1,97,KLDNDALNNIINNAR,1,37.92,19
YP_009725304.1,97,KLDNDALNNIINNAR,1,YP_009725304.1,62,MADQAMTQMYKQAR,11,266.87,20
YP_009725304.1,40,KSLNVAK,1,YP_009725304.1,97,KLDNDALNNIINNAR,1,60.07,21
YP_009725304.1,76,SEDKR,4,YP_009725304.1,81,AKVTSAMQTMLFTMLR,2,94.11,22
YP_009725304.1,97,KLDNDALNNIINNAR,1,YP_009725304.1,81,AKVTSAMQTMLFTMLR,2,463.86,23
YP_009725304.1,97,KLDNDALNNIINNAR,1,YP_009725304.1,97,KLDNDALNNIINNAR,1,684.49,24
YP_009725304.1,76,SEDKR,4,YP_009725304.1,112,DGCVPLNIIPLTTAAKLMVVIPDYNTYK,16,41.91,25
YP_009725304.1,191,ANSAVKLQ,6,YP_009725304.1,81,AKVTSAMQTMLFTMLR,2,36.02,26
YP_009725304.1,97,KLDNDALNNIINNAR,1,YP_009725304.1,112,DGCVPLNIIPLTTAAKLMVVIPDYNTYK,16,220.21,27
YP_009725304.1,76,SEDKR,4,YP_009725304.1,40,KSLNVAK,1,48.51,28
YP_009725304.1,76,SEDKR,4,YP_009725304.1,62,MADQAMTQMYKQAR,11,140.74,29
YP_009725304.1,76,SEDKR,4,YP_009725304.1,58,KLEKMADQAMTQMYK,4,77.44,30
YP_009725304.1,62,MADQAMTQMYKQAR,11,YP_009725304.1,97,KLDNDALNNIINNAR,1,388.78,31
YP_009725304.1,191,ANSAVKLQ,6,YP_009725304.1,81,AKVTSAMQTMLFTMLR,2,46.2,32
YP_009725304.1,76,SEDKR,4,YP_009725304.1,81,AKVTSAMQTMLFTMLR,2,45.56,33
YP_009725304.1,62,MADQAMTQMYKQAR,11,YP_009725304.1,81,AKVTSAMQTMLFTMLR,2,197.2,34
YP_009725304.1,97,KLDNDALNNIINNAR,1,YP_009725304.1,41,SLNVAKSEFDRDAAMQR,6,46.23,35
YP_009725304.1,191,ANSAVKLQ,6,YP_009725304.1,97,KLDNDALNNIINNAR,1,73.67,36
YP_009725304.1,97,KLDNDALNNIINNAR,1,YP_009725304.1,81,AKVTSAMQTMLFTMLR,2,444.76,37
YP_009725304.1,97,KLDNDALNNIINNAR,1,YP_009725304.1,97,KLDNDALNNIINNAR,1,605.87,38
YP_009725304.1,76,SEDKR,4,YP_009725304.1,112,DGCVPLNIIPLTTAAKLMVVIPDYNTYK,16,129.53,39
YP_009725304.1,191,ANSAVKLQ,6,YP_009725304.1,112,DGCVPLNIIPLTTAAKLMVVIPDYNTYK,16,167.46,40
YP_009725304.1,97,KLDNDALNNIINNAR,1,YP_009725304.1,112,DGCVPLNIIPLTTAAKLMVVIPDYNTYK,16,259.46,41
